,y
2020-01-01,4.273236945580843
2020-01-02,3.9008770798145487
2020-01-03,4.735163007475061
2020-01-04,5.64414750956585
2020-01-05,4.314070167867142
2020-01-06,4.4760638307829765
2020-01-07,6.1777111910601725
2020-01-08,5.646191160219065
2020-01-09,4.751374021871903
2020-01-10,5.766098308985923
2020-01-11,5.063329110810305
2020-01-12,5.21137246075282
2020-01-13,5.960498424980196
2020-01-14,4.2735942586653195
2020-01-15,4.576106388714972
2020-01-16,5.703989115579388
2020-01-17,5.457810719959133
2020-01-18,6.719644672413927
2020-01-19,5.811465005796663
2020-01-20,5.510415599277575
2020-01-21,8.0810076291193
2020-01-22,6.76428333484752
2020-01-23,7.1311478028498545
2020-01-24,5.976754866582111
2020-01-25,6.835515370757233
2020-01-26,7.499307974753487
2020-01-27,6.5297248270176
2020-01-28,7.926654057577016
2020-01-29,7.192142334734255
2020-01-30,7.546194554039233
2020-01-31,7.3701527822376836
2020-02-01,9.539478974401458
2020-02-02,8.032933013917097
2020-02-03,7.220596888839033
2020-02-04,8.889904955803614
2020-02-05,7.21992740866612
2020-02-06,8.49786485751415
2020-02-07,6.71305687876216
2020-02-08,7.30400366221244
2020-02-09,8.650203479919346
2020-02-10,9.15619104901266
2020-02-11,8.715487442637432
2020-02-12,8.50855817099678
2020-02-13,8.383663082950982
2020-02-14,7.411313488054277
2020-02-15,8.08037060685378
2020-02-16,8.320616730027957
2020-02-17,9.626395336415529
2020-02-18,9.03138304183279
2020-02-19,7.248001977386825
2020-02-20,9.02518111687174
2020-02-21,8.421395052675113
2020-02-22,8.16825883079309
2020-02-23,9.254461907911367
2020-02-24,9.597796836435649
2020-02-25,9.496013718236933
2020-02-26,7.970193653538901
2020-02-27,8.395985616723493
2020-02-28,8.911926053904034
2020-02-29,9.427417236516096
2020-03-01,8.155144065849411
2020-03-02,8.365331071094689
2020-03-03,7.53999373561071
2020-03-04,7.417458998607364
2020-03-05,9.075440405716051
2020-03-06,9.484945705927533
2020-03-07,8.21516030136169
2020-03-08,9.070570441001461
2020-03-09,8.463223008067558
2020-03-10,7.542909339985271
2020-03-11,8.33113986719271
2020-03-12,9.261343038249615
2020-03-13,7.851088355613801
2020-03-14,9.136592609126161
2020-03-15,5.502651835716858
2020-03-16,8.34863655619103
2020-03-17,7.642499797007726
2020-03-18,7.230863007437181
2020-03-19,7.477658813327348
2020-03-20,5.623120422447972
2020-03-21,7.037090256524528
2020-03-22,7.437097396087918
2020-03-23,8.298103222368251
2020-03-24,6.508425255499108
2020-03-25,6.16763645237567
2020-03-26,6.333222685705881
2020-03-27,7.441747070149981
2020-03-28,6.846231649572796
2020-03-29,6.0189536080640105
2020-03-30,6.807421869490952
2020-03-31,6.355112603998529
2020-04-01,6.997073072624045
2020-04-02,5.477901825350097
2020-04-03,5.696967399424334
2020-04-04,5.543048922549881
2020-04-05,4.533356265131711
2020-04-06,5.93030572311964
2020-04-07,5.802128937102271
2020-04-08,5.4866868795842105
2020-04-09,5.18563932996977
2020-04-10,4.085368384261891
2020-04-11,4.835083115143387
2020-04-12,4.80642926745364
2020-04-13,4.321914463326235
2020-04-14,4.773978886765576
2020-04-15,5.162941783172153
2020-04-16,6.332483290898633
2020-04-17,4.788735170823208
2020-04-18,4.771862110766859
2020-04-19,4.4038336803594476
2020-04-20,2.751977606232318
2020-04-21,4.277949632222385
2020-04-22,4.2710460518899085
2020-04-23,6.234855440172945
2020-04-24,3.9007988621611775
2020-04-25,4.245851870184254
2020-04-26,3.8873522502764004
2020-04-27,2.852952551837038
2020-04-28,4.749408726259118
2020-04-29,4.351095929846951
2020-04-30,4.320587214422409
2020-05-01,2.813848562845395
2020-05-02,4.720224754719986
2020-05-03,2.2797411800307783
2020-05-04,3.916087053867443
2020-05-05,5.227600502201762
2020-05-06,2.474750736785553
2020-05-07,2.788909684420458
2020-05-08,3.311105448700992
2020-05-09,2.757185630810401
2020-05-10,1.8284255756032275
2020-05-11,3.1687373408182995
2020-05-12,2.1740941663874134
2020-05-13,3.4488240895035966
2020-05-14,2.2365993977605356
2020-05-15,4.310007671186216
2020-05-16,2.3038543198544565
2020-05-17,2.675511233600154
2020-05-18,3.6229659019698826
2020-05-19,1.8700005240729858
2020-05-20,3.096854836353846
2020-05-21,4.004353593421659
2020-05-22,1.5191457584715167
2020-05-23,3.0370880711977333
2020-05-24,3.098070068099111
2020-05-25,3.54107276300642
2020-05-26,1.8267542701557562
2020-05-27,1.759647582483494
2020-05-28,3.3317392264403725
2020-05-29,3.1487013208126133
2020-05-30,3.119420278205195
2020-05-31,3.2132171695878733
2020-06-01,2.354881191857038
2020-06-02,3.1463455548309716
2020-06-03,3.215858696167191
2020-06-04,2.3790801927387637
2020-06-05,4.593356278746263
2020-06-06,3.4329324139218604
2020-06-07,2.0417682747117474
2020-06-08,3.638039652498331
2020-06-09,2.2783871373315634
2020-06-10,3.8040022275853165
2020-06-11,4.149026411445836
2020-06-12,2.496914247332152
2020-06-13,4.044578676584273
2020-06-14,3.6086332479969525
2020-06-15,3.989330546217833
2020-06-16,4.936315363651791
2020-06-17,3.149476759368004
2020-06-18,2.751850168898282
2020-06-19,2.6712615265225836
2020-06-20,2.7689856147008456
2020-06-21,3.4321146764577923
2020-06-22,3.82290642669961
2020-06-23,3.80333778319274
2020-06-24,4.30632474001992
2020-06-25,3.6490817919152883
2020-06-26,4.907986166918285
2020-06-27,3.481515011834874
2020-06-28,6.052046067534151
2020-06-29,4.304485635070896
2020-06-30,3.0760877805054574
2020-07-01,2.9255544960478814
2020-07-02,4.27609608606873
2020-07-03,3.705175601613574
2020-07-04,4.529991133804916
2020-07-05,4.352067427768667
2020-07-06,3.9132957955402827
2020-07-07,3.2793796810935385
2020-07-08,2.733967848227291
2020-07-09,3.662876138672666
2020-07-10,4.7894854493300505
2020-07-11,4.260882249405239
2020-07-12,3.0355231224055776
2020-07-13,4.255167144664727
2020-07-14,4.447032975323866
2020-07-15,3.37769820598425
2020-07-16,4.266950275511348
2020-07-17,4.190843243521482
2020-07-18,3.1726327672703505
2020-07-19,4.448716048166944
2020-07-20,4.619291371573954
2020-07-21,5.058778321742136
2020-07-22,5.026956560842114
2020-07-23,2.9506763521810875
2020-07-24,3.3123990217462542
2020-07-25,4.532527292550682
2020-07-26,4.513965477268192
2020-07-27,4.4948058355889025
2020-07-28,7.308841087544016
2020-07-29,4.493488486712392
2020-07-30,4.944858644583397
2020-07-31,4.759089382443223
2020-08-01,4.467577742869993
2020-08-02,3.6087583007324198
2020-08-03,4.481829004095741
2020-08-04,3.136893065791373
2020-08-05,3.5467086032185575
2020-08-06,3.2867791663990733
2020-08-07,3.71739605731136
2020-08-08,5.560870027058416
2020-08-09,1.9489996502683944
2020-08-10,4.059437921315682
2020-08-11,2.0424501005695888
2020-08-12,2.946485712760228
2020-08-13,4.204863592242251
2020-08-14,3.26281510763364
2020-08-15,2.21834831042735
2020-08-16,2.450053204419433
2020-08-17,3.556771907275545
2020-08-18,2.276827695548605
2020-08-19,2.997682015650141
2020-08-20,2.766066551524771
2020-08-21,2.0847555200029086
2020-08-22,4.369965919369661
2020-08-23,2.993223302047719
2020-08-24,0.6376528935367427
2020-08-25,2.420071068218873
2020-08-26,1.599634936860613
2020-08-27,2.7853801048779374
2020-08-28,1.2840024967589714
2020-08-29,1.7552157612370607
2020-08-30,2.175431974892553
2020-08-31,2.3739842154320576
2020-09-01,0.508285089478838
2020-09-02,1.1333003372523822
2020-09-03,0.9017587621196367
2020-09-04,0.6368191867131512
2020-09-05,2.5784293951783406
2020-09-06,1.306738309781645
2020-09-07,-0.22535976560262205
2020-09-08,1.509751968492322
2020-09-09,2.4159843871300186
2020-09-10,1.3718502755241193
2020-09-11,-0.9154677660122339
2020-09-12,-0.1541023856281163
2020-09-13,1.2157494284242674
2020-09-14,-0.5812655378578289
2020-09-15,0.27900144064556104
2020-09-16,0.44194169940919525
2020-09-17,-1.122269642090851
2020-09-18,-0.5023612621817082
2020-09-19,-3.3236071035223627
2020-09-20,-1.5552781222941445
2020-09-21,-1.0143781999370245
2020-09-22,-1.9744597730951292
2020-09-23,0.36068017410487907
2020-09-24,-2.3542662453603063
2020-09-25,-1.62308694286935
2020-09-26,-1.2468248314760157
2020-09-27,-0.24015580689440652
2020-09-28,-2.791260620145764
2020-09-29,-0.6857625368530075
2020-09-30,-1.7674413001418678
2020-10-01,-2.710003969304166
2020-10-02,-1.580292653478879
2020-10-03,-1.898899452938944
2020-10-04,-2.670850263647279
2020-10-05,-2.1913334009784244
2020-10-06,-2.6655039017910895
2020-10-07,-2.3260341952444703
2020-10-08,-1.941357641743042
2020-10-09,-1.234703518882641
2020-10-10,-3.710513049380541
2020-10-11,-0.9176478066857847
2020-10-12,-4.459065360609216
2020-10-13,-2.9944877570381183
2020-10-14,-2.427605496478717
2020-10-15,-2.7474746800862393
2020-10-16,-3.5706091000141846
2020-10-17,-3.269488700296396
2020-10-18,-3.559102243202501
2020-10-19,-3.684600873843281
2020-10-20,-2.5011210765263443
2020-10-21,-2.9554479741286164
2020-10-22,-3.8794361846576617
2020-10-23,-2.5532198440889213
2020-10-24,-3.079901794913473
2020-10-25,-2.6691592867432004
2020-10-26,-2.8396054896370626
2020-10-27,-4.089803185033933
2020-10-28,-3.8673096957948756
2020-10-29,-2.757551291332069
2020-10-30,-2.8710978041589263
2020-10-31,-3.4003814836108477
2020-11-01,-3.271109033681364
2020-11-02,-2.2685469637856555
2020-11-03,-3.836612735057967
2020-11-04,-2.8434412519603507
2020-11-05,-3.4505131914563236
2020-11-06,-3.429333190795442
2020-11-07,-2.2714832683839123
2020-11-08,-2.4604736834521876
2020-11-09,-2.42273730519538
2020-11-10,-1.9522342082823854
2020-11-11,-2.9872597434518355
2020-11-12,-2.364253708843951
2020-11-13,-3.142052350440304
2020-11-14,-2.532843878727067
2020-11-15,-2.8447553779124504
2020-11-16,-2.5731699285784715
2020-11-17,-2.0669996455221726
2020-11-18,-3.1814751648295645
2020-11-19,-0.6164588718347039
2020-11-20,-3.1550616176818504
2020-11-21,-3.232990669792988
2020-11-22,-1.1136147614832124
2020-11-23,-1.3183439084334114
2020-11-24,-1.350251361734554
2020-11-25,-1.232485425149563
2020-11-26,-1.6592304641088214
2020-11-27,-2.2902336591814225
2020-11-28,-1.3384784269877745
2020-11-29,-1.8505391706855874
2020-11-30,-0.3149336987449487
2020-12-01,-1.134515377751117
2020-12-02,-1.5739239017234445
2020-12-03,-1.005276686217995
2020-12-04,-0.23817929974230312
2020-12-05,-0.9227490235224383
2020-12-06,-0.9943400149493891
2020-12-07,0.06223435652128745
2020-12-08,0.21617455456596216
2020-12-09,-0.26792104708874864
2020-12-10,-0.08032635229110774
2020-12-11,0.6762929769691122
2020-12-12,-0.5910390770320553
2020-12-13,-0.3940745218323245
2020-12-14,0.355549768407586
2020-12-15,0.9501396704024468
2020-12-16,1.5624310844318454
2020-12-17,2.719911450436224
2020-12-18,2.3635380172753533
2020-12-19,1.6680775711281446
2020-12-20,1.958047745702768
2020-12-21,1.2927942847603822
2020-12-22,2.3003451781050046
2020-12-23,2.242120532783587
2020-12-24,2.933309526081664
2020-12-25,2.127347575244769
2020-12-26,3.4432678613602388
2020-12-27,4.475673037788544
2020-12-28,3.2509709898741965
2020-12-29,3.85485368258776
2020-12-30,4.269271848790163
2020-12-31,3.509992514418373
2021-01-01,4.208880345348868
2021-01-02,4.1953312907539555
2021-01-03,4.432596815385574
2021-01-04,3.8560422201048667
2021-01-05,4.695913892309841
2021-01-06,5.258678845437481
2021-01-07,6.227343707064837
2021-01-08,5.965807452089069
2021-01-09,7.1351273608227075
2021-01-10,4.8049887212460245
2021-01-11,6.348715292500081
2021-01-12,5.910671199026701
2021-01-13,7.761214959859499
2021-01-14,5.355233003799202
2021-01-15,5.468169949580524
2021-01-16,5.809233423615946
2021-01-17,4.647223074044632
2021-01-18,6.13639370156107
2021-01-19,6.065610983091901
2021-01-20,6.96304089404073
2021-01-21,7.246685769671637
2021-01-22,8.668494042198642
2021-01-23,7.99565108732171
2021-01-24,6.807872579290574
2021-01-25,6.641371302853978
2021-01-26,7.9262006636071
2021-01-27,6.485112516015661
2021-01-28,9.25942517214145
2021-01-29,8.796658343976599
2021-01-30,7.482804098343664
2021-01-31,6.508878167841625
2021-02-01,9.19519717298495
2021-02-02,8.022292309986828
2021-02-03,9.242885645693342
2021-02-04,6.902381001166273
2021-02-05,7.810862032249401
2021-02-06,8.383233628820426
2021-02-07,8.472895308476136
2021-02-08,8.100315778673234
2021-02-09,9.05791689851194
2021-02-10,7.662347038650746
2021-02-11,8.485836648758678
2021-02-12,8.741852511157001
2021-02-13,9.105330188816534
2021-02-14,9.297110830364826
2021-02-15,7.756213907281573
2021-02-16,7.42384439900416
2021-02-17,9.825332794313343
2021-02-18,9.029053019627817
2021-02-19,8.113496186813078
2021-02-20,10.067194170223107
2021-02-21,8.841965970202109
2021-02-22,9.736939668850903
2021-02-23,8.778837951512706
2021-02-24,10.45606135313783
2021-02-25,10.175568264354842
2021-02-26,8.44719660998984
2021-02-27,9.456187445522236
2021-02-28,9.146773435609438
2021-03-01,9.725778991920375
2021-03-02,7.702956259765816
2021-03-03,9.063522204514541
2021-03-04,9.333895442898118
2021-03-05,6.8898648932213025
2021-03-06,7.326371945876393
2021-03-07,6.543021553608922
2021-03-08,7.988571668515403
2021-03-09,8.765743304203673
2021-03-10,9.368264625681215
2021-03-11,8.086934165867333
2021-03-12,9.338335170489179
2021-03-13,6.708454249374644
2021-03-14,6.358770428232416
2021-03-15,7.682219630130976
2021-03-16,7.97647505907046
2021-03-17,7.540719253125346
2021-03-18,5.727693470299316
2021-03-19,7.323910119686259
2021-03-20,6.203754924429564
2021-03-21,7.7930330276919895
2021-03-22,7.445160219485298
2021-03-23,6.242995465959755
2021-03-24,6.512168061295478
2021-03-25,5.95452452122923
2021-03-26,6.706438940070584
2021-03-27,7.475526242529314
2021-03-28,5.728926066976896
2021-03-29,6.897689319456121
2021-03-30,5.920425575727984
2021-03-31,5.598654779629744
2021-04-01,6.0827490247097575
2021-04-02,5.194690981089339
2021-04-03,5.504878314487294
2021-04-04,4.858144644011655
2021-04-05,7.447360334022983
2021-04-06,5.70857750679076
2021-04-07,4.985465273955632
2021-04-08,5.664223365562172
2021-04-09,5.289559551101405
2021-04-10,5.10060935540154
2021-04-11,5.71467333453089
2021-04-12,5.741618160041572
2021-04-13,4.552924166695631
2021-04-14,4.421626237133742
2021-04-15,4.58570461230093
2021-04-16,2.7725922848444067
2021-04-17,3.352431627047349
2021-04-18,5.714787405980386
2021-04-19,5.8653352652368085
2021-04-20,4.171252505613608
2021-04-21,4.790559844951599
2021-04-22,4.48441300480202
2021-04-23,6.758148331747426
2021-04-24,5.015944356944542
2021-04-25,3.8808066764420546
2021-04-26,3.1046478800154778
2021-04-27,2.4808495115946894
2021-04-28,3.9509534244085036
2021-04-29,3.0690547185715493
2021-04-30,2.439294406277786
2021-05-01,3.037240947814765
2021-05-02,2.6085337873520578
2021-05-03,4.905384973215906
2021-05-04,4.166652317544253
2021-05-05,3.3589364751441497
2021-05-06,4.574659131203156
2021-05-07,3.336025816083289
2021-05-08,2.494310217247478
2021-05-09,4.479795402488377
2021-05-10,3.604563029141399
2021-05-11,2.2287995810556955
2021-05-12,2.9152644466835405
2021-05-13,2.301995008086643
2021-05-14,1.8427302255395717
2021-05-15,3.7798143423232133
2021-05-16,4.59262376273988
2021-05-17,1.7604810846286971
2021-05-18,3.4100001183926327
2021-05-19,2.3631890092883086
2021-05-20,2.4894573157403608
2021-05-21,2.3897474166785724
2021-05-22,2.1511143536206956
2021-05-23,2.9213926751983568
2021-05-24,2.1708620940385925
2021-05-25,3.1064116239085897
2021-05-26,2.8354599813703345
2021-05-27,2.678929863768657
2021-05-28,2.116659782930621
2021-05-29,2.406008717581348
2021-05-30,3.548583897363115
2021-05-31,3.3445158009961404
2021-06-01,2.101980247119953
2021-06-02,3.033362371858993
2021-06-03,3.605426148729361
2021-06-04,1.5672844091080482
2021-06-05,3.4693041077961304
2021-06-06,2.466944236042837
2021-06-07,3.5393851156382174
2021-06-08,2.4311988020984714
2021-06-09,1.5727167714599852
2021-06-10,1.751569242203502
2021-06-11,3.205092373951676
2021-06-12,3.4152583443944042
2021-06-13,2.457039835387895
2021-06-14,3.8005730500617365
2021-06-15,1.8782873572938594
2021-06-16,3.267873499545677
2021-06-17,2.3286928881723936
2021-06-18,2.838465216970355
2021-06-19,3.4676376623232668
2021-06-20,2.7310729964300693
2021-06-21,3.1707789168644696
2021-06-22,4.388276135937779
2021-06-23,3.077792514667586
2021-06-24,4.313557273594633
2021-06-25,2.6777793573600492
2021-06-26,4.1228157525626
2021-06-27,4.931806647646392
2021-06-28,1.639004450824737
2021-06-29,3.095307422320696
2021-06-30,4.2951830115627105
2021-07-01,3.663224541263322
2021-07-02,4.181468525477677
2021-07-03,3.3817315604320632
2021-07-04,3.9966920331785607
2021-07-05,3.817489796797925
2021-07-06,4.967815123709501
2021-07-07,4.2154120582577495
2021-07-08,4.30855025197416
2021-07-09,3.6923184267254956
2021-07-10,3.6470811836935186
2021-07-11,3.7112281072479214
2021-07-12,4.429685405332354
2021-07-13,3.7501265489939613
2021-07-14,4.365821830916279
2021-07-15,5.893067705603867
2021-07-16,4.876739933374622
2021-07-17,3.864245830499745
2021-07-18,5.165189354265705
2021-07-19,3.7977327248025596
2021-07-20,2.4102186692598018
2021-07-21,3.2813114007633795
2021-07-22,2.5410516837404478
2021-07-23,3.8229088535094835
2021-07-24,4.125205927985247
2021-07-25,5.519719030857333
2021-07-26,4.355135686692337
2021-07-27,3.8707798527412094
2021-07-28,4.739014064493453
2021-07-29,2.1287665399665077
2021-07-30,4.179900224822185
2021-07-31,4.603423298277911
2021-08-01,2.6570968703471927
2021-08-02,4.848928095402592
2021-08-03,4.124427113046729
2021-08-04,3.4407997713326353
2021-08-05,4.285869005137907
2021-08-06,5.629427111187544
2021-08-07,3.8023893556327084
2021-08-08,3.8043977437412213
2021-08-09,3.1457182993621684
2021-08-10,2.753749045452277
2021-08-11,4.119044035143409
2021-08-12,2.6199565466587074
2021-08-13,3.340086886456467
2021-08-14,2.802168261652141
2021-08-15,3.541564223551707
2021-08-16,3.341674146784323
2021-08-17,3.8610227733002724
2021-08-18,2.4641253934816194
2021-08-19,2.5842985195061168
2021-08-20,1.8953813291915866
2021-08-21,2.260966544403181
2021-08-22,2.8683188625312384
2021-08-23,3.0978324572259854
2021-08-24,1.5751835666447511
2021-08-25,3.0007499327546934
2021-08-26,3.3144456118979253
2021-08-27,2.4122314380412684
2021-08-28,3.552921565101152
2021-08-29,1.1950209172459159
2021-08-30,0.6882362899444909
2021-08-31,0.1261800888187905
2021-09-01,2.8001747002420254
2021-09-02,1.9738371956181717
2021-09-03,1.2582153063325976
2021-09-04,1.430122366772691
2021-09-05,0.12112760073575235
2021-09-06,3.0413930381391006
2021-09-07,0.9562296002611455
2021-09-08,0.8225548889099618
2021-09-09,1.2290532499831321
2021-09-10,0.9031126510318146
2021-09-11,0.5662981256859002
2021-09-12,-0.414406710820276
2021-09-13,0.5396230551812766
2021-09-14,1.6199743299218734
2021-09-15,1.0453619659529572
2021-09-16,1.1377113866377067
2021-09-17,-0.7689120662159439
2021-09-18,-1.2929288067489286
2021-09-19,-0.6754487465483925
2021-09-20,-0.6371824517146479
2021-09-21,0.1303675194475128
2021-09-22,-2.3524390036825595
2021-09-23,0.27324833730455467
2021-09-24,-1.2729527878859503
2021-09-25,-1.6118980386322623
2021-09-26,-2.2182430411402922
2021-09-27,-2.8718662736864653
2021-09-28,-0.8710827952756535
2021-09-29,-1.61213145407462
2021-09-30,-2.87260616678837
2021-10-01,-2.9765385721674393
2021-10-02,-2.2584976009992266
2021-10-03,-0.6494318976804476
2021-10-04,-2.381318566721405
2021-10-05,-3.5283366833702905
2021-10-06,-2.5468689489316065
2021-10-07,-2.654338972993587
2021-10-08,-4.7965223615863035
2021-10-09,-2.628968449146366
2021-10-10,-2.8546642260550605
2021-10-11,-2.1389507650521717
2021-10-12,-1.2281780503115796
2021-10-13,-1.90789015114231
2021-10-14,-3.1562305089622447
2021-10-15,-3.926864790091405
2021-10-16,-0.8539586754042685
2021-10-17,-3.0422491185804232
2021-10-18,-3.128211550616514
2021-10-19,-3.2041471544842297
2021-10-20,-3.054910812341515
2021-10-21,-3.3816174873342324
2021-10-22,-3.7780757345343283
2021-10-23,-3.7827098382615385
2021-10-24,-3.3689466673422084
2021-10-25,-3.822003143219996
2021-10-26,-3.9807089205477055
2021-10-27,-3.294691732212075
2021-10-28,-3.607886446435193
2021-10-29,-2.1143568153915435
2021-10-30,-5.643236866911422
2021-10-31,-2.4548343046072416
2021-11-01,-2.3116648958708534
2021-11-02,-5.116943822752747
2021-11-03,-3.6250615095158043
2021-11-04,-3.6241987620512996
2021-11-05,-4.475034377397666
2021-11-06,-3.905448352504548
2021-11-07,-4.1494330612189785
2021-11-08,-1.6726477031819356
2021-11-09,-2.3188938616205865
2021-11-10,-1.9810693636185246
2021-11-11,-2.3916917544029257
2021-11-12,-3.903607739979323
2021-11-13,-3.324167833673681
2021-11-14,-2.3924169012985
2021-11-15,-3.7729424192580616
2021-11-16,-2.049567833175743
2021-11-17,-2.777159705577979
2021-11-18,-2.804585270498288
2021-11-19,-1.7906720831943645
2021-11-20,-1.922323028643956
2021-11-21,-2.5077515898696157
2021-11-22,-1.112578671098676
2021-11-23,-2.9101610267618465
2021-11-24,-1.3572079403262394
2021-11-25,-1.262443038751051
2021-11-26,-1.9119351806058082
2021-11-27,-1.2503543745126948
2021-11-28,-2.4663588413799795
2021-11-29,-0.4895287495744023
2021-11-30,-1.3009522881265463
2021-12-01,-1.4538311709155156
2021-12-02,0.0194065575115121
2021-12-03,-1.3307908577742613
2021-12-04,-1.7863631377855773
2021-12-05,-1.7667179511344147
2021-12-06,0.21965577992582996
2021-12-07,-1.2332647228687177
2021-12-08,1.4995280238102928
2021-12-09,-1.60665934472442
2021-12-10,1.762044120530955
2021-12-11,0.6584153773373055
2021-12-12,0.5576264681508809
2021-12-13,0.33908846260018144
2021-12-14,1.3054930536714553
2021-12-15,1.0995802522963523
2021-12-16,2.235966253387544
2021-12-17,1.5629521673918783
2021-12-18,1.7622838347962724
2021-12-19,1.4949549412153167
2021-12-20,1.925807742257105
2021-12-21,2.406575748260725
2021-12-22,0.8624382099404402
2021-12-23,1.3415227670758916
2021-12-24,3.2907732297136363
2021-12-25,2.9757294996729495
2021-12-26,2.8454374883554165
2021-12-27,3.1885138048419774
2021-12-28,3.6388615656199854
2021-12-29,3.0546029905406553
2021-12-30,3.0210904392437046
2021-12-31,4.0174983823543196
2022-01-01,3.1867848748372785
2022-01-02,4.531642592446771
2022-01-03,2.9023760680168538
2022-01-04,5.3878828281087685
2022-01-05,5.076788104240865
2022-01-06,5.053005572045682
2022-01-07,5.829158976792693
2022-01-08,6.566080527709795
2022-01-09,6.167136827203262
2022-01-10,3.8924910530689965
2022-01-11,4.519602329562193
2022-01-12,5.223734703107732
2022-01-13,5.922059859303653
2022-01-14,6.4822967137497995
2022-01-15,5.5650512742537686
2022-01-16,6.477468922048901
2022-01-17,5.810458947207615
2022-01-18,6.063495337446529
2022-01-19,5.515211813091582
2022-01-20,6.050457916341713
2022-01-21,5.8072612754871855
2022-01-22,6.244256563834385
2022-01-23,8.08338635198021
2022-01-24,6.491251631096489
2022-01-25,9.642548528611876
2022-01-26,7.927389583575343
2022-01-27,7.764421447123834
2022-01-28,6.973081108011209
2022-01-29,8.389397638861153
2022-01-30,7.39231125033056
2022-01-31,8.068750860017415
2022-02-01,10.220477512472815
2022-02-02,8.0380002636856
2022-02-03,9.167624107858726
2022-02-04,7.659944549784474
2022-02-05,8.290590584837688
2022-02-06,9.883957024350156
2022-02-07,7.9000398046565
2022-02-08,10.023452703727976
2022-02-09,9.130083601153721
2022-02-10,8.091727644115831
2022-02-11,9.14440578922398
2022-02-12,9.466272506384593
2022-02-13,9.196595647751204
2022-02-14,7.357547172082396
2022-02-15,8.09409308589264
2022-02-16,8.517450603910667
2022-02-17,8.676039080964555
2022-02-18,9.274157392363227
2022-02-19,8.90075559367943
2022-02-20,7.613672286125398
2022-02-21,9.066810704408223
2022-02-22,9.253534945887878
2022-02-23,9.197269123055472
2022-02-24,9.623089233709596
2022-02-25,9.392362379644709
2022-02-26,9.049119203541196
2022-02-27,8.570711282471159
2022-02-28,7.1863870849734415
2022-03-01,8.927617654280612
2022-03-02,8.699675735347578
2022-03-03,8.711220475131904
2022-03-04,7.3489983396286735
2022-03-05,7.465895397333898
2022-03-06,9.227321606975304
2022-03-07,8.24274702392682
2022-03-08,8.796843070559973
2022-03-09,8.179903006487963
2022-03-10,8.116553849971012
2022-03-11,8.82149483759016
2022-03-12,7.515373937768774
2022-03-13,7.963243149257098
2022-03-14,7.413711506284974
2022-03-15,7.360113380875674
2022-03-16,7.387223122523747
2022-03-17,7.7573234948939405
2022-03-18,7.078082926919217
2022-03-19,8.467054860009664
2022-03-20,6.552137792972153
2022-03-21,7.06497046364926
2022-03-22,6.759780310769888
2022-03-23,8.27182448603864
2022-03-24,7.116026501066549
2022-03-25,7.731923873383222
2022-03-26,5.496989855671313
2022-03-27,6.890647996092091
2022-03-28,7.322979382641988
2022-03-29,6.539191172150106
2022-03-30,7.276802870150151
2022-03-31,5.83290150446738
2022-04-01,7.371670154828835
2022-04-02,8.028710360222211
2022-04-03,5.66706744765873
2022-04-04,5.497663709521561
2022-04-05,7.01272077659406
2022-04-06,7.021239811485937
2022-04-07,5.135800932669091
2022-04-08,5.1251816469066425
2022-04-09,5.145521475807216
2022-04-10,4.1456505806256105
2022-04-11,4.411777484982448
2022-04-12,4.244216954762139
2022-04-13,4.351222211826105
2022-04-14,4.881589587402923
2022-04-15,5.018581077535842
2022-04-16,6.047150693761649
2022-04-17,3.7917430952881763
2022-04-18,5.389618317357606
2022-04-19,4.285222191169007
2022-04-20,4.340888986031937
2022-04-21,4.874082994695836
2022-04-22,3.2655366551120846
2022-04-23,4.466147928816896
2022-04-24,4.205790059206233
2022-04-25,4.408120203607614
2022-04-26,4.1626506018475045
2022-04-27,5.933334002737901
2022-04-28,3.2359303473077343
2022-04-29,3.260605440311653
2022-04-30,3.1185406119747476
2022-05-01,3.1146723481347074
2022-05-02,2.986070532213763
2022-05-03,4.481978634845641
2022-05-04,4.624687134928592
2022-05-05,2.8805788705762145
2022-05-06,2.609204376008045
2022-05-07,3.6709659775112606
2022-05-08,2.757012200737675
2022-05-09,3.7231319819013544
2022-05-10,3.318974059733047
2022-05-11,1.8220763144855292
2022-05-12,4.392431744185158
2022-05-13,4.572766545594887
2022-05-14,2.497239609947538
2022-05-15,2.6630171009757184
2022-05-16,3.2126052004564323
2022-05-17,3.2335517938639513
2022-05-18,3.4912388989775676
2022-05-19,4.624909050993244
2022-05-20,2.753108748570389
2022-05-21,2.214729594423912
2022-05-22,1.713085164036211
2022-05-23,2.258858757494643
2022-05-24,2.8490117660452206
2022-05-25,4.401897505985829
2022-05-26,2.438192770221379
2022-05-27,3.0722554624981946
2022-05-28,2.8741294340041663
2022-05-29,3.9063986309952687
2022-05-30,5.054393917403778
2022-05-31,2.4674977345331746
2022-06-01,2.5168786790582645
2022-06-02,3.836466657752887
2022-06-03,3.5463548600456782
2022-06-04,4.55598012493681
2022-06-05,3.503786901800289
2022-06-06,2.7247761539778357
2022-06-07,3.5564328534225296
2022-06-08,4.022367128655051
2022-06-09,3.804276411042547
2022-06-10,3.566163240845431
2022-06-11,4.070893655440321
2022-06-12,4.188395469809927
2022-06-13,4.4005441091085
2022-06-14,3.8091728645521226
2022-06-15,3.1485290419531893
2022-06-16,3.448747961864178
2022-06-17,4.38358927950255
2022-06-18,2.6981305882629965
2022-06-19,3.7407211042462385
2022-06-20,3.1280863664432075
2022-06-21,3.5220842289543803
2022-06-22,4.619611331321665
2022-06-23,3.730584811579137
2022-06-24,3.6426900442720234
2022-06-25,2.4821524639861425
2022-06-26,4.306797732457704
2022-06-27,4.255134874057049
2022-06-28,5.578668790742615
2022-06-29,3.5110568897605843
2022-06-30,3.9909494819736477
2022-07-01,4.047789250553966
2022-07-02,5.2068298209109765
2022-07-03,3.814117766611634
2022-07-04,4.16025901073143
2022-07-05,4.466527480140289
2022-07-06,4.13381812598153
2022-07-07,3.619685769083731
2022-07-08,4.18656448317383
2022-07-09,4.955000835310442
2022-07-10,3.1890084696557013
2022-07-11,4.191926789919409
2022-07-12,3.4992983916124643
2022-07-13,5.123752992277341
2022-07-14,2.8248043334880872
2022-07-15,3.653893456574363
2022-07-16,4.456914029262489
2022-07-17,5.4720612576915695
2022-07-18,4.08826979851434
2022-07-19,3.6726771941816327
2022-07-20,5.74160803318546
2022-07-21,2.907372949689335
2022-07-22,2.2622397534853858
2022-07-23,4.495707597489944
2022-07-24,3.6828042149743876
2022-07-25,3.2266994208622166
2022-07-26,4.679350399197268
2022-07-27,4.264245908934286
2022-07-28,3.554552484361291
2022-07-29,2.919972813752937
2022-07-30,4.721216579468008
2022-07-31,4.500858884738863
2022-08-01,3.8295956950475927
2022-08-02,5.446378605317234
2022-08-03,2.9271331152992293
2022-08-04,2.4970981028622896
2022-08-05,3.159882559548506
2022-08-06,3.660590068151638
2022-08-07,3.8546415707572774
2022-08-08,3.3883595962080566
2022-08-09,3.8354221510085367
2022-08-10,2.4123082489354757
2022-08-11,4.64045850454306
2022-08-12,3.27779929704755
2022-08-13,4.228957041669901
2022-08-14,3.4994936358235487
2022-08-15,3.5226716079479807
2022-08-16,3.5423635454877744
2022-08-17,3.3596660966957583
2022-08-18,3.4439536783955917
2022-08-19,3.943471865118029
2022-08-20,2.8943734818527815
2022-08-21,3.2412690094181307
2022-08-22,2.4713381032989967
2022-08-23,3.6784917662094685
2022-08-24,1.784090635445328
2022-08-25,3.7923842686390525
2022-08-26,2.128019173866052
2022-08-27,0.8446529335008093
2022-08-28,2.0665338771009405
2022-08-29,1.2738478276302807
2022-08-30,2.4607398043995787
2022-08-31,1.083361917980431
2022-09-01,1.1492811172436868
2022-09-02,-0.18848323358650965
2022-09-03,0.9210019052447376
2022-09-04,-0.8681483932338083
2022-09-05,-0.26852410902345203
2022-09-06,1.608856313187492
2022-09-07,1.5143217304353742
2022-09-08,1.0912082410129846
2022-09-09,-0.20977810199062386
2022-09-10,0.45370015133496605
2022-09-11,0.37293454682169874
2022-09-12,-0.7271134095054627
2022-09-13,1.416763508117802
2022-09-14,0.7660114549073759
2022-09-15,-0.28606462103394514
2022-09-16,-0.19364428286038612
2022-09-17,-0.15725335449406047
2022-09-18,-2.1872393476897365
2022-09-19,-0.7786306396061534
2022-09-20,-1.2642352379581245
2022-09-21,-1.651072279663514
2022-09-22,-1.152779317378066
2022-09-23,0.5011641135851714
2022-09-24,-0.5939296420168064
2022-09-25,-1.7345512704922892
2022-09-26,-0.8712589580164563
2022-09-27,-0.275785981502499
2022-09-28,-0.7848391611673845
2022-09-29,-1.6237659117525722
2022-09-30,-2.326035663058252
2022-10-01,-1.2822317993418537
2022-10-02,-1.6386180289941694
2022-10-03,-1.307185957152818
2022-10-04,-1.6207698866326266
2022-10-05,-1.3585453651985029
2022-10-06,-2.792937274285073
2022-10-07,-1.3027389829189264
2022-10-08,-2.33620905109739
2022-10-09,-0.8188460708747121
2022-10-10,-3.244179520753852
2022-10-11,-1.2551569424531468
2022-10-12,-2.6315665650719042
2022-10-13,-3.419175729330151
2022-10-14,-3.3389780809367764
2022-10-15,-3.2586129796261885
2022-10-16,-2.680773453724992
2022-10-17,-2.6481746226625904
2022-10-18,-3.627696452090283
2022-10-19,-3.2043422338625356
2022-10-20,-1.402353054174131
2022-10-21,-1.7904994426132552
2022-10-22,-2.9195879094632198
2022-10-23,-3.2855767817642114
2022-10-24,-3.2390797599480674
2022-10-25,-2.8386018109354603
2022-10-26,-4.244163685690743
2022-10-27,-3.6039274825600396
2022-10-28,-4.809452274423405
2022-10-29,-3.053411201472358
2022-10-30,-2.83979598103004
2022-10-31,-3.7933236216957886
2022-11-01,-2.0329485606973017
2022-11-02,-4.396462938757807
2022-11-03,-4.578495702725862
2022-11-04,-3.1176899801789015
2022-11-05,-2.3886158796671797
2022-11-06,-1.812965630313123
2022-11-07,-3.5954952160116243
2022-11-08,-2.245198871675413
2022-11-09,-3.1469526948715276
2022-11-10,-3.2086243993132655
2022-11-11,-2.2540020619760153
2022-11-12,-2.3894392877932606
2022-11-13,-4.218258940772477
2022-11-14,-1.5533259810752102
2022-11-15,-1.561056130674587
2022-11-16,-3.187344795105387
2022-11-17,-2.2364501137217587
2022-11-18,-2.066061925740782
2022-11-19,-2.1734153552170343
2022-11-20,-2.767706224175711
2022-11-21,-2.771810211670763
2022-11-22,-2.1197299643010017
2022-11-23,-0.9944375319314417
2022-11-24,-1.4186930748236273
2022-11-25,-2.081601290297388
2022-11-26,-0.9928768031378514
2022-11-27,-3.9488286709540334
2022-11-28,-0.42646145613621345
2022-11-29,-2.7537084278616835
2022-11-30,-1.451860272342706
2022-12-01,-1.9612360139065186
2022-12-02,-1.9727305388125773
2022-12-03,0.25460404845879003
2022-12-04,-0.9867170569916954
2022-12-05,-0.14905485416795555
2022-12-06,-0.33533517076522346
2022-12-07,0.26058492989280435
2022-12-08,0.07325157652475399
2022-12-09,-0.9275627385835736
2022-12-10,1.1668830040145344
2022-12-11,0.059357434528001074
2022-12-12,-0.6832620006200429
2022-12-13,0.43837179956671357
2022-12-14,2.241873178511323
2022-12-15,1.854258230153988
2022-12-16,1.0018053394267632
2022-12-17,1.1689896173585197
2022-12-18,1.361137544018857
2022-12-19,3.5692611076237637
2022-12-20,2.2988566568168656
2022-12-21,2.510479644814832
2022-12-22,3.1918222796256854
2022-12-23,2.690451161038239
2022-12-24,2.4388129258466855
2022-12-25,2.6635965055420074
2022-12-26,2.9409622537531943
2022-12-27,3.1412060607029764
2022-12-28,3.96190222815396
2022-12-29,3.557552721739849
2022-12-30,4.305393521468959
2022-12-31,3.7824208224289517
2023-01-01,4.085241647578683
2023-01-02,2.4861571682371446
2023-01-03,5.128450655116165
2023-01-04,4.807615740895309
2023-01-05,5.523388837570442
2023-01-06,2.3735632264142117
2023-01-07,6.768990139502666
2023-01-08,5.031776065984741
2023-01-09,6.246877666164767
2023-01-10,4.573314111644164
2023-01-11,6.128100570590688
2023-01-12,4.859427265451489
2023-01-13,5.36967885003304
2023-01-14,7.669213197137841
2023-01-15,6.019853474785345
2023-01-16,6.503535114446119
2023-01-17,7.192092010793398
2023-01-18,7.004615074766431
2023-01-19,6.838729814784635
2023-01-20,7.1454230276322415
2023-01-21,8.999096437713579
2023-01-22,7.024772851386584
2023-01-23,7.358725014571293
2023-01-24,8.191296923210128
2023-01-25,8.344720816514354
2023-01-26,8.517045127552894
2023-01-27,8.150231430708011
2023-01-28,6.731131045344308
2023-01-29,9.18255104381943
2023-01-30,6.907209818566765
2023-01-31,8.22228266302205
2023-02-01,7.4032711824278925
2023-02-02,8.065133583847494
2023-02-03,8.470189829273854
2023-02-04,8.530798144274213
2023-02-05,8.678963442860093
2023-02-06,9.750431062759823
2023-02-07,8.81846596006298
2023-02-08,8.27533828943354
2023-02-09,9.347968549061667
2023-02-10,9.580874319211892
2023-02-11,7.5633925681603404
2023-02-12,9.147391283574258
2023-02-13,9.264054010830867
2023-02-14,8.439309206133279
2023-02-15,9.88151047665864
2023-02-16,8.600294195151788
2023-02-17,8.846047481150421
2023-02-18,8.599475058803872
2023-02-19,8.762951933330399
2023-02-20,7.816881167168043
2023-02-21,7.519599280847987
2023-02-22,10.089866366137878
2023-02-23,8.001530096243535
2023-02-24,7.861742119950286
2023-02-25,6.85314695171501
2023-02-26,8.11569865066097
2023-02-27,7.505725812814662
2023-02-28,9.993916764577978
2023-03-01,9.42078669395912
2023-03-02,7.9382134078579005
2023-03-03,10.394948898058528
2023-03-04,9.268735293018828
2023-03-05,8.108686780698626
2023-03-06,6.207646823999761
2023-03-07,10.223670091407142
2023-03-08,7.036430881044221
2023-03-09,6.757243451863749
2023-03-10,8.960445998607785
2023-03-11,10.097743147898903
2023-03-12,9.130643852487525
2023-03-13,8.360863240901809
2023-03-14,8.31218669209979
2023-03-15,8.454838399156365
2023-03-16,8.295108728790801
2023-03-17,7.807522499379298
2023-03-18,7.57359019369231
2023-03-19,7.346457994557534
2023-03-20,6.671684099322016
2023-03-21,6.985237545849617
2023-03-22,5.6945384182369025
2023-03-23,6.958304601562473
2023-03-24,6.108652499953389
2023-03-25,5.916805095201436
2023-03-26,6.912626201233155
2023-03-27,7.846857213496174
2023-03-28,7.347362321464076
2023-03-29,5.134324268186254
2023-03-30,5.529960635259858
2023-03-31,7.07225219684264
2023-04-01,5.338610546163571
2023-04-02,5.883708777648339
2023-04-03,6.44302450820327
2023-04-04,5.053248066078169
2023-04-05,5.866913151268042
2023-04-06,4.54468181693432
2023-04-07,5.0690694583908
2023-04-08,5.754155085459242
2023-04-09,4.030993719836766
2023-04-10,5.662837042271122
2023-04-11,5.175939510406304
2023-04-12,5.567353067755941
2023-04-13,5.194177156119543
2023-04-14,6.070591107159487
2023-04-15,4.925939382130554
2023-04-16,4.36423056491319
2023-04-17,4.744296907493562
2023-04-18,5.014747603333416
2023-04-19,4.508643768537565
2023-04-20,4.417436076759833
2023-04-21,3.7037934917184554
2023-04-22,3.65638459352171
2023-04-23,2.9488851635306945
2023-04-24,5.551445913934055
2023-04-25,2.9322528791181153
2023-04-26,3.3278878363993183
2023-04-27,3.2356827080798074
2023-04-28,4.538695054324147
2023-04-29,3.4612456255149855
2023-04-30,4.708790821208484
2023-05-01,3.0143608688136285
2023-05-02,3.764994628314522
2023-05-03,2.761269588133437
2023-05-04,5.240635282744599
2023-05-05,2.35625456408819
2023-05-06,3.58005421683961
2023-05-07,3.808973103375104
2023-05-08,3.578131021210276
2023-05-09,3.0276454267631228
2023-05-10,3.0361418972360275
2023-05-11,3.1476985634154224
2023-05-12,2.952100621670382
2023-05-13,3.8655677727393596
2023-05-14,4.897054548211912
2023-05-15,2.5186954096646517
2023-05-16,1.8052870856980587
2023-05-17,2.874223781276407
2023-05-18,5.124229204211819
2023-05-19,2.2331118102675904
2023-05-20,4.2967631765678105
2023-05-21,4.3193279442465915
2023-05-22,2.4149565023967496
2023-05-23,3.3637849087527334
2023-05-24,4.261306822647226
2023-05-25,2.554264742156363
2023-05-26,2.705119068315142
2023-05-27,2.387606926748757
2023-05-28,2.0255456745770486
2023-05-29,2.34437843525832
2023-05-30,1.8661521286632594
2023-05-31,2.9477071395358125
2023-06-01,2.278424958798876
2023-06-02,3.147647937266285
2023-06-03,1.6442357945902626
2023-06-04,3.267527095443435
2023-06-05,3.715947561640834
2023-06-06,1.3354991349610632
2023-06-07,3.3723243317044673
2023-06-08,4.1234877287619085
2023-06-09,2.0786716911372256
2023-06-10,4.556666843216243
2023-06-11,3.5203863272506317
2023-06-12,2.595234140536503
2023-06-13,3.178305250717584
2023-06-14,3.7323473357443504
2023-06-15,3.3551839929230236
2023-06-16,3.7819839219753084
2023-06-17,2.5754841038530265
2023-06-18,3.5364826090328623
2023-06-19,2.225691469334997
2023-06-20,3.3678822047750256
2023-06-21,2.729329634214749
2023-06-22,2.907726796904202
2023-06-23,4.61882980269114
2023-06-24,4.5308325808443755
2023-06-25,4.155797586590131
2023-06-26,2.744016351362923
2023-06-27,3.437526137846594
2023-06-28,4.771035320915321
2023-06-29,3.893127766064519
2023-06-30,5.776101812443699
2023-07-01,4.1701332828850886
2023-07-02,4.029236282128584
2023-07-03,3.632369974568457
2023-07-04,4.036600482891536
2023-07-05,3.820216085957729
2023-07-06,4.577092746483967
2023-07-07,4.812351310727107
2023-07-08,3.353496947778548
2023-07-09,2.910865837405494
2023-07-10,2.500771907017329
2023-07-11,4.5106951947702605
2023-07-12,3.1565394690629414
2023-07-13,2.2780063536815813
2023-07-14,4.449805016405647
2023-07-15,6.248026616573108
2023-07-16,4.131123660648767
2023-07-17,4.854082991126247
2023-07-18,4.213712475191782
2023-07-19,4.060540586658407
2023-07-20,4.923839534700588
2023-07-21,3.891451402482813
2023-07-22,4.35850828357355
2023-07-23,4.395138450211202
2023-07-24,3.5416734200775366
2023-07-25,4.937983312529386
2023-07-26,3.9285316258017393
2023-07-27,3.4146319166598333
2023-07-28,4.490052687522338
2023-07-29,3.2445337681008297
2023-07-30,4.003581834193658
2023-07-31,3.94043673632644
2023-08-01,4.8369064102168995
2023-08-02,4.28023065662467
2023-08-03,3.815432251743094
2023-08-04,4.4888958524685565
2023-08-05,4.9296808356122845
2023-08-06,4.173476942452893
2023-08-07,3.6566027656998625
2023-08-08,2.4783494478883012
2023-08-09,2.6308284503573205
2023-08-10,3.2166757607958893
2023-08-11,2.8951732192454056
2023-08-12,3.1887021911436118
2023-08-13,3.3274080209825265
2023-08-14,3.6584159326057315
2023-08-15,3.0745074103170484
2023-08-16,3.471587754542686
2023-08-17,3.0339170732696576
2023-08-18,1.2184927511073755
2023-08-19,2.0152571297595383
2023-08-20,2.6048560652431774
2023-08-21,1.6103752840529364
2023-08-22,3.057552863939895
2023-08-23,3.755530340569539
2023-08-24,3.39497166613845
2023-08-25,2.080158460374208
2023-08-26,3.429270648236179
2023-08-27,2.18717910892292
2023-08-28,1.671122048976411
2023-08-29,1.3313494724741604
2023-08-30,1.4890935542442854
2023-08-31,1.30814200462739
2023-09-01,1.673390824495384
2023-09-02,1.5541142716095453
2023-09-03,1.3080513937368896
2023-09-04,1.5635464786852382
2023-09-05,2.089842624507769
2023-09-06,1.769624870590002
2023-09-07,-0.4157716776002862
2023-09-08,-1.4412636511708583
2023-09-09,1.4063235442226296
2023-09-10,-0.667592089597496
2023-09-11,0.18494611343994216
2023-09-12,-0.7370994958422951
2023-09-13,-1.392808420327331
2023-09-14,0.4804968268921679
2023-09-15,0.5470368129784793
2023-09-16,-0.7065310866234057
2023-09-17,-2.536764689572694
2023-09-18,-0.9160724905437406
2023-09-19,-0.2354964598715224
2023-09-20,-1.9416234606180458
2023-09-21,-0.6438393394405091
2023-09-22,-0.926857440222006
2023-09-23,-0.5344716595760384
2023-09-24,-1.0370027609417756
2023-09-25,-2.076157728926275
2023-09-26,-0.3408685457543297
2023-09-27,-1.5999882396734817
2023-09-28,-1.5939866502267201
2023-09-29,-2.467729491396977
2023-09-30,-2.1529293155213374
2023-10-01,-2.627803922836229
2023-10-02,-2.120084757537524
2023-10-03,-0.6131479860554372
2023-10-04,-3.3267818895539913
2023-10-05,-3.622192361415205
2023-10-06,-1.0874925660889838
2023-10-07,-2.600449064287151
2023-10-08,-3.072880542946895
2023-10-09,-1.6988988283195572
2023-10-10,-3.1731430841540176
2023-10-11,-1.1786179186286778
2023-10-12,-2.223553740376742
2023-10-13,-3.280195123181749
2023-10-14,-1.093963140714956
2023-10-15,-3.5011754522138228
2023-10-16,-2.410533441958739
2023-10-17,-2.838186094147219
2023-10-18,-2.0335713527535386
2023-10-19,-1.8563563132228489
2023-10-20,-3.1960793322882886
2023-10-21,-3.8993163269931386
2023-10-22,-2.8994867071878754
2023-10-23,-3.8939378024964917
2023-10-24,-1.62972722726094
2023-10-25,-3.2440370563359684
2023-10-26,-3.6853133238874074
2023-10-27,-3.2281791657650083
2023-10-28,-4.536213157727711
2023-10-29,-4.218622788420886
2023-10-30,-2.3695607080245966
2023-10-31,-3.9409752658670176
2023-11-01,-4.260711644773487
2023-11-02,-2.898407285557631
2023-11-03,-2.3259285230839613
2023-11-04,-2.697363711889567
2023-11-05,-2.43200890395257
2023-11-06,-3.8875799933363524
2023-11-07,-4.413982659303593
2023-11-08,-1.8859439759298526
2023-11-09,-3.3884983588117454
2023-11-10,-3.2750992583503558
2023-11-11,-1.8761479882679943
2023-11-12,-2.4711182264540996
2023-11-13,-2.490821001066509
2023-11-14,-0.9681332851763114
2023-11-15,-3.2811242775230314
2023-11-16,-1.8669523899532494
2023-11-17,-2.5244219609810505
2023-11-18,-2.257684147047359
2023-11-19,-1.0957898937166883
2023-11-20,-1.868286450560907
2023-11-21,-1.7433786817312524
2023-11-22,-1.1863777672449638
2023-11-23,-2.3014670184133776
2023-11-24,-2.5940814234670286
2023-11-25,-2.654666922942053
2023-11-26,-3.3202238081585733
2023-11-27,0.22020861703077554
2023-11-28,-2.3406394123159058
2023-11-29,-1.4630172959481773
2023-11-30,-1.3790767770555978
2023-12-01,-0.7482209103365943
2023-12-02,-0.1788746537914393
2023-12-03,-0.000696255707136606
2023-12-04,-1.0847868586601535
2023-12-05,-0.5856366103574806
2023-12-06,-0.055259720802900314
2023-12-07,-0.35628723050290256
2023-12-08,1.3741967087405658
2023-12-09,0.5803093608692599
2023-12-10,0.9447023256268468
2023-12-11,1.042499608582376
2023-12-12,1.6372853921032293
2023-12-13,0.9561380112859282
2023-12-14,-0.13607979929027247
2023-12-15,1.4713045083473033
2023-12-16,0.7445062939504279
2023-12-17,1.0165344865418466
2023-12-18,2.1329367534955006
2023-12-19,2.8565659323155947
2023-12-20,1.992292362645653
2023-12-21,2.407452305411582
2023-12-22,3.762964046638527
2023-12-23,2.6921205784310263
2023-12-24,4.870429396847574
2023-12-25,3.311177076051007
2023-12-26,1.5051749789727438
2023-12-27,3.8131853396752335
2023-12-28,3.667401743212928
2023-12-29,4.609688559773934
2023-12-30,4.254853604415137
2023-12-31,3.7333423291350774
